Titel,Url,Art,Gehalt (p.m.)*,Erfahrung,Ort,Datum
IT-Techniker 1st Level,https://www.karriere.at/jobs/5456586,Vollzeit,1916,Berufserfahrung,Villach,27.3.2019
IT-Techniker 2nd Level,https://www.karriere.at/jobs/5456572,Vollzeit,2979,Berufserfahrung,Villach,25.3.2019
IT-Systemadministrator (m/w),https://www.karriere.at/jobs/5454455,Vollzeit,2200,Berufserfahrung,Klagenfurt am Wörthersee,29.3.2019
Junior IT-Systemadministrator (m/w),https://www.karriere.at/jobs/5482623,Vollzeit,2685,Einsteiger,Spittal an der Drau,28.3.2019
Unix- / Linux- Systemadministrator (m/w/d),https://www.karriere.at/jobs/5474291,Vollzeit,2019,Berufserfahrung,Klagenfurt,28.3.2019
IT Systemadministrator (m/w),https://www.karriere.at/jobs/5459814,Vollzeit,0,Berufserfahrung,Klagenfurt,27.3.2019
System Administrator with programming and EDI knowledge (m/f),https://www.karriere.at/jobs/5459593,Vollzeit,2461,Berufserfahrung,Villach. Morsano al Tagliamento,27.3.2019
Account Manager IT-Infrastructure STMK / KTN (m/w),https://www.karriere.at/jobs/5429668,Vollzeit,1145,Berufserfahrung,Südösterreich,27.3.2019
Mitarbeiter für den Bereich IT – First Level Support (m/w),https://www.karriere.at/jobs/5466822,Vollzeit,2500,Berufserfahrung,St. Veit an der Glan,26.3.2019
Mitarbeiter (m/w) 1st Level Support,https://www.karriere.at/jobs/5465032,Vollzeit. Teilzeit. geringfügig,2239,Berufserfahrung,Klagenfurt,26.3.2019
Junior System Administrator ISP (m/w/d),https://www.karriere.at/jobs/5452799,Vollzeit,2006,Berufserfahrung,Klagenfurt,26.3.2019
Windows System Administrator (m/w/d),https://www.karriere.at/jobs/5452653,Vollzeit,2006,Berufserfahrung,Klagenfurt,25.3.2019
IT Spezialist für statistische Daten- und Prozesskontrolle (f/m/div*),https://www.karriere.at/jobs/5448867,Vollzeit,4200,Berufserfahrung,Villach,25.3.2019
Senior Linux Systemadministrator (m/w/d),https://www.karriere.at/jobs/5452411,Vollzeit,2006,Berufserfahrung,Wien. Klagenfurt,19.3.2019
WirtschaftsinformatikerIn im Accounting,https://www.karriere.at/jobs/5469930,Vollzeit,0,Berufserfahrung,Klagenfurt,18.3.2019
IT-Allrounder/in mit SQL-Kenntnissen,https://www.karriere.at/jobs/5456107,Vollzeit,2916,Berufserfahrung,Österreich,18.3.2019
IT-Projektleiter/IT-Projektleiterin,https://www.karriere.at/jobs/5406683,Vollzeit,4500,Projekt-. Bereichsleitung,Spittal an der Drau,18.3.2019
IT consultant (f/m) with a focus on outtasking / Managed Services,https://www.karriere.at/jobs/5475630,Vollzeit. Teilzeit. geringfügig,3750,Berufserfahrung,Graz. Wien. Salzburg. München. Frankfurt,1.4.2019
IT Service Desk Mitarbeiter (w/m/div)*,https://www.karriere.at/jobs/5444670,Vollzeit,4200,Einsteiger,Klagenfurt,1.4.2019
DevOps Linux Unix IT System Engineer (w/m),https://www.karriere.at/jobs/5434532,Vollzeit,4200,Berufserfahrung,Klagenfurt,1.4.2019
IT-Service Desk Mitarbeiter (m/w),https://www.karriere.at/jobs/5483259,Vollzeit,2019,Berufserfahrung,Klagenfurt,29.3.2019
IT Consultant Retrofit (m/w),https://www.karriere.at/jobs/5482196,Vollzeit,3566,Berufserfahrung,Österreich,28.3.2019
Systems Engineer IT Security (m/w),https://www.karriere.at/jobs/5481990,Vollzeit,4000,Berufserfahrung,Wien. Graz. Klagenfurt,27.3.2019
Mitarbeiter/in IT & Support,https://www.karriere.at/jobs/5480529,Vollzeit. Teilzeit. geringfügig,2979,Berufserfahrung,Glanegg,27.3.2019
IT System Engineer (f/m/div*) - Surveillance Access and Facilities,https://www.karriere.at/jobs/5466416,Vollzeit,4200,Einsteiger,Villach,27.3.2019
IT Consultant – Financial Management anafee (m/w),https://www.karriere.at/jobs/5456389,Vollzeit,3666,Berufserfahrung,Österreich,27.3.2019
Senior IT Project Manager (m/w),https://www.karriere.at/jobs/5394681,Vollzeit,1764,Projekt-. Bereichsleitung,Österreich,27.3.2019
IT Security Architekt (m/w),https://www.karriere.at/jobs/5394685,Vollzeit,1764,Berufserfahrung,Österreich,26.3.2019
IT Helpdesk,https://www.karriere.at/jobs/5480179,Vollzeit. Teilzeit. geringfügig,0,Berufserfahrung,Klagenfurt,25.3.2019
Trainer/innen für IT-L@bs-Kärnten (m/w/d),https://www.karriere.at/jobs/5463621,Teilzeit. geringfügig,2249,Berufserfahrung,St. Stefan im Lavanttal. Villach,25.3.2019
Disposition IT-Service,https://www.karriere.at/jobs/5456589,Vollzeit,2373,Berufserfahrung,Villach,25.3.2019
IT Projektleiter (m/w),https://www.karriere.at/jobs/5445785,Vollzeit,3173,Projekt-. Bereichsleitung,Klagenfurt,25.3.2019
IT System Engineer Storage Services (w/m/div*),https://www.karriere.at/jobs/5403888,Vollzeit,4200,Berufserfahrung,Klagenfurt,25.3.2019
IT AbsolventIn (HTL. Uni/FH): Dein Einstieg in die Softwareentwicklung!,https://www.karriere.at/jobs/5398642,Vollzeit,2850,Einsteiger,Klagenfurt,25.3.2019
Technischer Einkauf Schwerpunkt Komponenten. Technischer Einkauf,https://www.karriere.at/jobs/5479577,Vollzeit,6149,Berufserfahrung,Liebenfels,22.3.2019
Projektmanagement (m/w) Stahl- Regal- Fassadenbau,https://www.karriere.at/jobs/5479576,Vollzeit,6149,Berufserfahrung,Liebenfels,22.3.2019
Sachbearbeiter im Bereich Service Desk (m/w),https://www.karriere.at/jobs/5469866,Vollzeit,1145,Berufserfahrung,Ostösterreich,21.3.2019
Junior IT Consultant - Identity & Access Management Engineer (m/w) - Angehende IAM- und Zugriffsschutz-ExpertInnen gesucht!,https://www.karriere.at/jobs/5456338,Vollzeit,2200,Berufserfahrung,Österreich,21.3.2019
Senior IT Project Manager (m/w),https://www.karriere.at/jobs/5394679,Vollzeit,1764,Projekt-. Bereichsleitung,Österreich,19.3.2019
Engineer Operations (m/w),https://www.karriere.at/jobs/5460671,Vollzeit,2750,Berufserfahrung,Graz. Wien. Klagenfurt,29.3.2019
Internship: Sales Support (m/f),https://www.karriere.at/jobs/4607633,Praktika,4200,Berufserfahrung,Villach,29.3.2019
Disponent und Produktionsplaner (m/w),https://www.karriere.at/jobs/5475608,Vollzeit,6137,Berufserfahrung,Klagenfurt,26.3.2019
Klinischer Spezialist Medizintechnik (m/w),https://www.karriere.at/jobs/5475609,Vollzeit,6137,Berufserfahrung,Österreich,1.4.2019
Industriepraktikum: IT Software Quality,https://www.karriere.at/jobs/5445509,Praktika,4200,Einsteiger,Klagenfurt,1.4.2019
Expert for Data Analysis & Processing (f/m/div*),https://www.karriere.at/jobs/5414580,Vollzeit,4200,Berufserfahrung,Villach,1.4.2019
Junior Cloud Developer m/w,https://www.karriere.at/jobs/5483137,Vollzeit,2668,Berufserfahrung,Spittal an der Drau,29.3.2019
Innovations- und Digitalisierungsmanager,https://www.karriere.at/jobs/5468285,Vollzeit,2950,Berufserfahrung,Kolbnitz,29.3.2019
WANTED: IT Postdoc (m/f) for Innovation Lab,https://www.karriere.at/jobs/5398645,Vollzeit,0,Berufserfahrung,Klagenfurt,29.3.2019
Sales Manager (m/f/o),https://www.karriere.at/jobs/5482336,Vollzeit,8008,Berufserfahrung,Österreich,28.3.2019
Systems Engineer (f/m/div*),https://www.karriere.at/jobs/5434965,Vollzeit,4200,Einsteiger,Villach,28.3.2019
Application Developer (m/f),https://www.karriere.at/jobs/4997666,Vollzeit,3333,Berufserfahrung,Klagenfurt,28.3.2019
Marketing & Public Relations (m/f),https://www.karriere.at/jobs/5458784,Vollzeit,2373,Berufserfahrung,Villach,27.3.2019
PLM/ PDM Engineer,https://www.karriere.at/jobs/5451053,Vollzeit,3250,Berufserfahrung,Österreich,27.3.2019
Lead Java Developer (m/f),https://www.karriere.at/jobs/5427315,Vollzeit,1930,Berufserfahrung,Klagenfurt,27.3.2019
Software-Entwicklung im Kreditbereich (m/w),https://www.karriere.at/jobs/5357187,Vollzeit,2725,Berufserfahrung,Klagenfurt,27.3.2019
Bauleiter/-in,https://www.karriere.at/jobs/5480911,Vollzeit,2622,Projekt-. Bereichsleitung,Westösterreich. Süddeutschland. Schweiz,26.3.2019
Jurist/in - Koryphäe aus dem IT-Sektor gesucht!,https://www.karriere.at/jobs/5450004,Vollzeit,7500,Berufserfahrung,Linz. österreichweit,26.3.2019
Assistenz IT & HSEQ (m/w),https://www.karriere.at/jobs/5480226,Vollzeit,9505,Berufserfahrung,St. Stefan im Lavanttal,25.3.2019
IT-SCM Applikationsservice Standortbetreuung (m/w/d),https://www.karriere.at/jobs/5474082,Vollzeit,2072,Berufserfahrung,Wolfsberg,25.3.2019
Projektabwickler im Bereich Rohrleitungsbau (m/w),https://www.karriere.at/jobs/5471441,Vollzeit,0,Projekt-. Bereichsleitung,St. Andrä im Lavanttal,25.3.2019
Full Stack Developer/DevOps Engineer (m/f),https://www.karriere.at/jobs/4864668,Vollzeit,4166,Berufserfahrung,Klagenfurt,25.3.2019
Sales Representative / Regional Account Manager (m/w),https://www.karriere.at/jobs/5438818,Vollzeit,2916,Berufserfahrung,Oberösterreich. Salzburg. Tirol. Vorarlberg. Klagenfurt,22.3.2019
Software Developer (m/f),https://www.karriere.at/jobs/5362188,Vollzeit,2833,Berufserfahrung,Klagenfurt,22.3.2019
Application Engineer for Automotive Safety Applications (f/m),https://www.karriere.at/jobs/5392846,Vollzeit,4200,Berufserfahrung,Villach,21.3.2019
Software-Entwickler/in - C++/C#,https://www.karriere.at/jobs/5458080,Vollzeit,3000,Berufserfahrung,Villach,20.3.2019
Software-Engineer (m/w) für Medical IT,https://www.karriere.at/jobs/5476674,Vollzeit,2871,Berufserfahrung,Klagenfurt,19.3.2019
IT Professional Consultant im Controlling (m/w),https://www.karriere.at/jobs/5465325,Vollzeit,2979,Berufserfahrung,Klagenfurt. Graz,19.3.2019
Software-Entwicklung im Kreditbereich (Teilzeit - m/w),https://www.karriere.at/jobs/5428055,Teilzeit. geringfügig,2725,Berufserfahrung,Klagenfurt,19.3.2019
Team Lead Development (m/f),https://www.karriere.at/jobs/5427316,Vollzeit,1930,Projekt-. Bereichsleitung,Klagenfurt,19.3.2019
Software Quality Development Engineer (m/f),https://www.karriere.at/jobs/4999623,Vollzeit,3333,Berufserfahrung,Klagenfurt,19.3.2019
Lehre Betriebslogistikkaufmann (m/w),https://www.karriere.at/jobs/5465139,Lehre,2019,Einsteiger,Villach,18.3.2019